{
  "tipo": "wolfgenetic",
  "timestamp": "20260604_224741",
  "config": {
    "tipo_ga": "binario",
    "n_lobos": 8,
    "max_iter": 10,
    "r_max": 0.3,
    "n_local": 12,
    "gen_locales": 8,
    "p_cruce": 0.85,
    "p_mutacion": 0.25,
    "paciencia": 3
  },
  "mejores_hiperparametros": {
    "learning_rate_init": 0.0011232942855393749,
    "alpha": 0.05232260173348983,
    "neuronas": 302,
    "capas": 4,
    "activacion": "tanh",
    "max_iter": 261
  },
  "accuracy": 0.998403066113063,
  "balanced_accuracy": 0.9992100127784768,
  "tiempo_seg": 41398.50979614258,
  "historial": {
    "alpha_score": [
      0.003833865814696469,
      0.002875399361022324,
      0.0022364217252396346,
      0.0022364217252396346,
      0.00191693290734829,
      0.00191693290734829,
      0.00191693290734829,
      0.0012779552715654896,
      0.0012779552715654896,
      0.0012779552715654896
    ],
    "scores_lobos": [
      [
        0.011501597444089406,
        0.019169329073482455,
        0.003833865814696469,
        0.005750798722044759,
        0.06134185303514372,
        0.018530351437699655,
        0.009904153354632572,
        0.0201277955271566
      ],
      [
        0.008626198083067083,
        0.006389776357827448,
        0.0031948881789137795,
        0.002875399361022324,
        0.1108626198083067,
        0.007348242811501593,
        0.006709265175718904,
        0.003514376996805124
      ],
      [
        0.005431309904153303,
        0.005111821086261958,
        0.006070287539936103,
        0.0022364217252396346,
        0.002555910543130979,
        0.003514376996805124,
        0.002875399361022324,
        0.003514376996805124
      ],
      [
        0.003514376996805124,
        0.0031948881789137795,
        0.002875399361022324,
        0.002875399361022324,
        0.0031948881789137795,
        0.002555910543130979,
        0.003833865814696469,
        0.002555910543130979
      ],
      [
        0.002875399361022324,
        0.008945686900958427,
        0.00191693290734829,
        0.0031948881789137795,
        0.002555910543130979,
        0.002875399361022324,
        0.007667731629392938,
        0.003514376996805124
      ],
      [
        0.003833865814696469,
        0.02523961661341856,
        0.0031948881789137795,
        0.004472843450479269,
        0.002875399361022324,
        0.003833865814696469,
        0.006070287539936103,
        0.004472843450479269
      ],
      [
        0.0022364217252396346,
        0.005431309904153303,
        0.0031948881789137795,
        0.005431309904153303,
        0.002555910543130979,
        0.0031948881789137795,
        0.002555910543130979,
        0.002875399361022324
      ],
      [
        0.002875399361022324,
        0.0022364217252396346,
        0.002555910543130979,
        0.002875399361022324,
        0.003514376996805124,
        0.0012779552715654896,
        0.003514376996805124,
        0.0022364217252396346
      ],
      [
        0.0022364217252396346,
        0.0022364217252396346,
        0.003514376996805124,
        0.0012779552715654896,
        0.002555910543130979,
        0.00191693290734829,
        0.002875399361022324,
        0.0031948881789137795
      ],
      [
        0.0031948881789137795,
        0.002555910543130979,
        0.002555910543130979,
        0.003833865814696469,
        0.0022364217252396346,
        0.0015974440894568342,
        0.002875399361022324,
        0.0022364217252396346
      ]
    ],
    "media": [
      0.018769968051118205,
      0.01869009584664537,
      0.003913738019169319,
      0.0030750798722044698,
      0.004193290734824273,
      0.00674920127795528,
      0.0034345047923322602,
      0.0026357827476038292,
      0.002476038338658157,
      0.0026357827476038292
    ],
    "mediana": [
      0.018530351437699655,
      0.006709265175718904,
      0.003514376996805124,
      0.0031948881789137795,
      0.0031948881789137795,
      0.004472843450479269,
      0.0031948881789137795,
      0.002875399361022324,
      0.002555910543130979,
      0.002555910543130979
    ],
    "radio": [
      0.3,
      0.27,
      0.24,
      0.21,
      0.18,
      0.15,
      0.11999999999999997,
      0.08999999999999998,
      0.059999999999999984,
      0.029999999999999992
    ]
  },
  "matriz_confusion": [
    [
      1282,
      0,
      0,
      0,
      0,
      0,
      1,
      2,
      1,
      0,
      0,
      0
    ],
    [
      0,
      1,
      0,
      0,
      0,
      0,
      0,
      0,
      0,
      0,
      0,
      0
    ],
    [
      0,
      0,
      31,
      0,
      0,
      0,
      0,
      0,
      0,
      0,
      0,
      0
    ],
    [
      0,
      0,
      0,
      106,
      0,
      0,
      0,
      0,
      0,
      0,
      0,
      0
    ],
    [
      0,
      0,
      0,
      0,
      329,
      0,
      0,
      0,
      0,
      0,
      0,
      0
    ],
    [
      0,
      0,
      0,
      0,
      0,
      589,
      0,
      0,
      0,
      0,
      0,
      0
    ],
    [
      0,
      0,
      0,
      0,
      0,
      0,
      134,
      0,
      0,
      0,
      0,
      0
    ],
    [
      0,
      0,
      0,
      0,
      0,
      0,
      0,
      156,
      0,
      0,
      0,
      0
    ],
    [
      0,
      0,
      0,
      0,
      0,
      0,
      0,
      0,
      249,
      0,
      0,
      0
    ],
    [
      0,
      0,
      0,
      0,
      0,
      0,
      0,
      0,
      0,
      13,
      0,
      0
    ],
    [
      0,
      0,
      0,
      0,
      0,
      0,
      0,
      0,
      0,
      0,
      156,
      1
    ],
    [
      0,
      0,
      0,
      0,
      0,
      0,
      0,
      0,
      0,
      0,
      0,
      80
    ]
  ],
  "clases": [
    "A",
    "B",
    "C",
    "D",
    "E",
    "F",
    "G",
    "H",
    "I",
    "W",
    "X",
    "Y"
  ]
}