{
  "tipo": "mlp_puro",
  "timestamp": "20260604_224735",
  "config": {
    "hidden_layer_sizes": [
      100,
      100
    ],
    "activation": "relu",
    "learning_rate_init": 0.001,
    "alpha": 0.0001,
    "max_iter": 300
  },
  "accuracy": 0.9358032577451294,
  "balanced_accuracy": 0.9328380839526144,
  "tiempo_seg": 5.951732158660889,
  "matriz_confusion": [
    [
      1231,
      0,
      0,
      0,
      12,
      24,
      7,
      12,
      0,
      0,
      0,
      0
    ],
    [
      0,
      1,
      0,
      0,
      0,
      0,
      0,
      0,
      0,
      0,
      0,
      0
    ],
    [
      1,
      0,
      27,
      0,
      1,
      1,
      0,
      1,
      0,
      0,
      0,
      0
    ],
    [
      2,
      0,
      0,
      104,
      0,
      0,
      0,
      0,
      0,
      0,
      0,
      0
    ],
    [
      3,
      0,
      0,
      0,
      318,
      7,
      1,
      0,
      0,
      0,
      0,
      0
    ],
    [
      57,
      0,
      0,
      0,
      8,
      515,
      5,
      4,
      0,
      0,
      0,
      0
    ],
    [
      21,
      0,
      0,
      0,
      1,
      4,
      108,
      0,
      0,
      0,
      0,
      0
    ],
    [
      14,
      0,
      0,
      0,
      0,
      5,
      0,
      137,
      0,
      0,
      0,
      0
    ],
    [
      0,
      0,
      0,
      0,
      0,
      0,
      0,
      0,
      249,
      0,
      0,
      0
    ],
    [
      0,
      0,
      0,
      0,
      1,
      0,
      0,
      0,
      0,
      12,
      0,
      0
    ],
    [
      2,
      0,
      0,
      3,
      3,
      0,
      0,
      0,
      0,
      0,
      149,
      0
    ],
    [
      0,
      0,
      0,
      0,
      1,
      0,
      0,
      0,
      0,
      0,
      0,
      79
    ]
  ],
  "clases": [
    "A",
    "B",
    "C",
    "D",
    "E",
    "F",
    "G",
    "H",
    "I",
    "W",
    "X",
    "Y"
  ]
}